<?xml version="1.0" encoding="UTF-8"?>
<!DOCTYPE configuration
        PUBLIC "-//mybatis.org//DTD Config 3.0//EN"
        "http://mybatis.org/dtd/mybatis-3-config.dtd">
<configuration>

	<settings>
		<!-- Globally enables or disables any caches configured in any mapper under 
			this configuration -->
		<setting name="cacheEnabled" value="true" />
		<!-- Sets the number of seconds the driver will wait for a response from 
			the database -->
		<setting name="defaultStatementTimeout" value="3000" />
		<!-- Enables automatic mapping from classic database column names A_COLUMN 
			to camel case classic Java property names aColumn -->
		<setting name="mapUnderscoreToCamelCase" value="true" />
		<!-- Allows JDBC support for generated keys. A compatible driver is required. 
			This setting forces generated keys to be used if set to true, as some drivers 
			deny compatibility but still work -->
		<setting name="useGeneratedKeys" value="true" />
	</settings>

	<!-- 对事务的管理和连接池的配置 -->
	<environments default="development">
		<environment id="development">
			<transactionManager type="JDBC" />
			<dataSource type="POOLED">
				<property name="driver" value="com.mysql.jdbc.Driver" />
				<property name="url"
					value="jdbc:mysql://localhost:3306/roledata?zeroDateTimeBehavior=convertToNull" />
				<property name="username" value="root" />
				<property name="password" value="root" />
			</dataSource>
		</environment>
	</environments>
	<!-- Continue going here -->
	<mappers>
		<mapper resource="com/dyz/myBatis/sqlMapper/AccountMapper.xml" />
		<mapper resource="com/dyz/myBatis/sqlMapper/PrizeMapper.xml" />
		<mapper resource="com/dyz/myBatis/sqlMapper/NoticeTableMapper.xml" />
		<mapper resource="com/dyz/myBatis/sqlMapper/PrizeRuleMapper.xml" />
		<mapper resource="com/dyz/myBatis/sqlMapper/WinnersInfoMapper.xml" />
		<mapper resource="com/dyz/myBatis/sqlMapper/TechargerecordMapper.xml" />
		<mapper resource="com/dyz/myBatis/sqlMapper/ContactWayMapper.xml" />
		<mapper resource="com/dyz/myBatis/sqlMapper/StandingsMapper.xml" />
		<mapper resource="com/dyz/myBatis/sqlMapper/StandingsDetailMapper.xml" />
		<mapper resource="com/dyz/myBatis/sqlMapper/RoomInfoMapper.xml" />
		<mapper resource="com/dyz/myBatis/sqlMapper/StandingsRelationMapper.xml" />
		<mapper resource="com/dyz/myBatis/sqlMapper/StandingsAccountRelationMapper.xml" />
		<mapper resource="com/dyz/myBatis/sqlMapper/PlayRecordMapper.xml" />
	</mappers>
</configuration>