<?xml version="1.0" encoding="UTF-8"?>
<!DOCTYPE mapper PUBLIC "-//mybatis.org//DTD Mapper 3.0//EN" "http://mybatis.org/dtd/mybatis-3-mapper.dtd">
<mapper namespace="com.dyz.myBatis.dao.AccountMapper">
	<resultMap id="BaseResultMap" type="com.dyz.myBatis.model.Account">
		<!-- WARNING - @mbggenerated This element is automatically generated by 
			MyBatis Generator, do not modify. -->
		<id column="id" jdbcType="INTEGER" property="id" />
		<result column="Uuid" jdbcType="INTEGER" property="uuid" />
		<result column="openid" jdbcType="VARCHAR" property="openid" />
		<result column="nickName" jdbcType="VARCHAR" property="nickname" />
		<result column="headIcon" jdbcType="VARCHAR" property="headicon" />
		<result column="roomCard" jdbcType="INTEGER" property="roomcard" />
		<result column="unionid" jdbcType="VARCHAR" property="unionid" />
		<result column="province" jdbcType="VARCHAR" property="province" />
		<result column="city" jdbcType="VARCHAR" property="city" />
		<result column="sex" jdbcType="INTEGER" property="sex" />
		<result column="prizecount" jdbcType="INTEGER" property="prizecount" />
		<result column="manager_up_id" property="managerUpId" jdbcType="INTEGER" />
		<result column="actualCard" property="actualcard" jdbcType="INTEGER" />
		<result column="totalCard" property="totalcard" jdbcType="INTEGER" />
		<result column="createTime" property="createtime" jdbcType="TIMESTAMP" />
		<result column="lastLoginTime" property="lastlogintime"
			jdbcType="TIMESTAMP" />
		<result column="status" property="status" jdbcType="CHAR" />
		<result column="isGame" property="isGame" jdbcType="CHAR" />
	</resultMap>
	<sql id="Example_Where_Clause">
		<!-- WARNING - @mbggenerated This element is automatically generated by 
			MyBatis Generator, do not modify. -->
		<where>
			<foreach collection="oredCriteria" item="criteria" separator="or">
				<if test="criteria.valid">
					<trim prefix="(" prefixOverrides="and" suffix=")">
						<foreach collection="criteria.criteria" item="criterion">
							<choose>
								<when test="criterion.noValue">
									and ${criterion.condition}
								</when>
								<when test="criterion.singleValue">
									and ${criterion.condition} #{criterion.value}
								</when>
								<when test="criterion.betweenValue">
									and ${criterion.condition} #{criterion.value}
									and
									#{criterion.secondValue}
								</when>
								<when test="criterion.listValue">
									and ${criterion.condition}
									<foreach close=")" collection="criterion.value" item="listItem"
										open="(" separator=",">
										#{listItem}
									</foreach>
								</when>
							</choose>
						</foreach>
					</trim>
				</if>
			</foreach>
		</where>
	</sql>
	<sql id="Update_By_Example_Where_Clause">
		<!-- WARNING - @mbggenerated This element is automatically generated by 
			MyBatis Generator, do not modify. -->
		<where>
			<foreach collection="example.oredCriteria" item="criteria"
				separator="or">
				<if test="criteria.valid">
					<trim prefix="(" prefixOverrides="and" suffix=")">
						<foreach collection="criteria.criteria" item="criterion">
							<choose>
								<when test="criterion.noValue">
									and ${criterion.condition}
								</when>
								<when test="criterion.singleValue">
									and ${criterion.condition} #{criterion.value}
								</when>
								<when test="criterion.betweenValue">
									and ${criterion.condition} #{criterion.value}
									and
									#{criterion.secondValue}
								</when>
								<when test="criterion.listValue">
									and ${criterion.condition}
									<foreach close=")" collection="criterion.value" item="listItem"
										open="(" separator=",">
										#{listItem}
									</foreach>
								</when>
							</choose>
						</foreach>
					</trim>
				</if>
			</foreach>
		</where>
	</sql>
	<sql id="Base_Column_List">
		<!-- WARNING - @mbggenerated This element is automatically generated by 
			MyBatis Generator, do not modify. private Integer managerUpId,actualcard,totalcard,createtime,lastlogintime,status; -->
		id, Uuid, openid, nickName, headIcon, roomCard, unionid, province,
		city, sex, prizecount, manager_up_id, actualCard, totalCard,
		createTime, lastLoginTime, status, isGame
	</sql>
	<select id="selectByExample" parameterType="com.dyz.myBatis.model.AccountExample"
		resultMap="BaseResultMap">
		<!-- WARNING - @mbggenerated This element is automatically generated by 
			MyBatis Generator, do not modify. -->
		select
		<if test="distinct">
			distinct
		</if>
		<include refid="Base_Column_List" />
		from account
		<if test="_parameter != null">
			<include refid="Example_Where_Clause" />
		</if>
		<if test="orderByClause != null">
			order by ${orderByClause}
		</if>
	</select>
	<select id="selectByPrimaryKey" parameterType="java.lang.Integer"
		resultMap="BaseResultMap">
		<!-- WARNING - @mbggenerated This element is automatically generated by 
			MyBatis Generator, do not modify. -->
		select
		<include refid="Base_Column_List" />
		from account
		where id = #{id,jdbcType=INTEGER}
	</select>
	<select id="selectByUuid" parameterType="java.lang.Integer"
		resultMap="BaseResultMap">
		<!-- WARNING - @mbggenerated This element is automatically generated by 
			MyBatis Generator, do not modify. -->
		select
		<include refid="Base_Column_List" />
		from account
		where Uuid = #{uuid,jdbcType=INTEGER}
	</select>
	<!-- 获取当天所有玩过麻将的人 -->
	<select id="selectIsGames" resultMap="BaseResultMap">
		select
		<include refid="Base_Column_List" />
		from account
		where isGame = "1" and status ="0"
	</select>
	<!-- 获取所有玩家 -->
	<select id="selectAllAccounts" resultMap="BaseResultMap">
		select
		<include refid="Base_Column_List" />
		from account
		where status ="0"
	</select>
	<!-- 修改所有玩家抽奖次数 ,以及是否玩游戏状态 -->
	<update id="updatePrizeCount" parameterType="java.lang.Integer">
		update account
		set
		prizecount = #{prizecount,jdbcType=INTEGER},isGame = "0"
		where status
		="0"
	</update>

	<delete id="deleteByPrimaryKey" parameterType="java.lang.Integer">
		<!-- WARNING - @mbggenerated This element is automatically generated by 
			MyBatis Generator, do not modify. -->
		delete from account
		where id = #{id,jdbcType=INTEGER}
	</delete>
	<delete id="deleteByExample" parameterType="com.dyz.myBatis.model.AccountExample">
		<!-- WARNING - @mbggenerated This element is automatically generated by 
			MyBatis Generator, do not modify. -->
		delete from account
		<if test="_parameter != null">
			<include refid="Example_Where_Clause" />
		</if>
	</delete>
	<insert id="insert" parameterType="com.dyz.myBatis.model.Account"
		useGeneratedKeys="true" keyProperty="id">
		<!-- WARNING - @mbggenerated This element is automatically generated by 
			MyBatis Generator, do not modify. -->
		insert into account (id, Uuid, openid,
		nickName, headIcon, roomCard,
		unionid, province, city,
		sex, prizecount, manager_up_id, actualCard,
		totalCard, createTime,
		lastLoginTime, status, isGame)
		values
		(#{id,jdbcType=INTEGER}, #{uuid,jdbcType=INTEGER},
		#{openid,jdbcType=VARCHAR},
		#{nickname,jdbcType=VARCHAR},
		#{headicon,jdbcType=VARCHAR}, #{roomcard,jdbcType=INTEGER},
		#{unionid,jdbcType=VARCHAR}, #{province,jdbcType=VARCHAR},
		#{city,jdbcType=VARCHAR},
		#{sex,jdbcType=INTEGER},
		#{prizecount,jdbcType=INTEGER}, #{managerUpId,jdbcType=INTEGER},
		#{actualcard,jdbcType=INTEGER}, #{totalcard,jdbcType=INTEGER},
		#{createtime,jdbcType=TIMESTAMP},
		#{lastlogintime,jdbcType=TIMESTAMP},
		#{status,jdbcType=CHAR}, #{isGame,jdbcType=CHAR})
	</insert>
	<insert id="insertSelective" parameterType="com.dyz.myBatis.model.Account"
		useGeneratedKeys="true" keyProperty="id">
		<!-- WARNING - @mbggenerated This element is automatically generated by 
			MyBatis Generator, do not modify. -->
		insert into account
		<trim prefix="(" suffix=")" suffixOverrides=",">
			<if test="id != null">
				id,
			</if>
			<if test="uuid != null">
				Uuid,
			</if>
			<if test="openid != null">
				openid,
			</if>
			<if test="nickname != null">
				nickName,
			</if>
			<if test="headicon != null">
				headIcon,
			</if>
			<if test="roomcard != null">
				roomCard,
			</if>
			<if test="unionid != null">
				unionid,
			</if>
			<if test="province != null">
				province,
			</if>
			<if test="city != null">
				city,
			</if>
			<if test="sex != null">
				sex,
			</if>
			<if test="prizecount != null">
				prizecount,
			</if>
			<if test="managerUpId != null">
				manager_up_id,
			</if>
			<if test="actualcard != null">
				actualCard,
			</if>
			<if test="totalcard != null">
				totalCard,
			</if>
			<if test="createtime != null">
				createTime,
			</if>
			<if test="lastlogintime != null">
				lastLoginTime,
			</if>
			<if test="status != null">
				status,
			</if>
			<if test="isGame != null">
				isGame,
			</if>
		</trim>
		<trim prefix="values (" suffix=")" suffixOverrides=",">
			<if test="id != null">
				#{id,jdbcType=INTEGER},
			</if>
			<if test="uuid != null">
				#{uuid,jdbcType=INTEGER},
			</if>
			<if test="openid != null">
				#{openid,jdbcType=VARCHAR},
			</if>
			<if test="nickname != null">
				#{nickname,jdbcType=VARCHAR},
			</if>
			<if test="headicon != null">
				#{headicon,jdbcType=VARCHAR},
			</if>
			<if test="roomcard != null">
				#{roomcard,jdbcType=INTEGER},
			</if>
			<if test="unionid != null">
				#{unionid,jdbcType=VARCHAR},
			</if>
			<if test="province != null">
				#{province,jdbcType=VARCHAR},
			</if>
			<if test="city != null">
				#{city,jdbcType=VARCHAR},
			</if>
			<if test="sex != null">
				#{sex,jdbcType=INTEGER},
			</if>
			<if test="prizecount != null">
				#{prizecount,jdbcType=INTEGER},
			</if>
			<if test="managerUpId != null">
				#{managerUpId,jdbcType=INTEGER},
			</if>
			<if test="actualcard != null">
				#{actualcard,jdbcType=INTEGER},
			</if>
			<if test="totalcard != null">
				#{totalcard,jdbcType=INTEGER},
			</if>
			<if test="createtime != null">
				#{createtime,jdbcType=TIMESTAMP},
			</if>
			<if test="lastlogintime != null">
				#{lastlogintime,jdbcType=TIMESTAMP},
			</if>
			<if test="status != null">
				#{status,jdbcType=CHAR},
			</if>
			<if test="isGame != null">
				#{isGame,jdbcType=CHAR},
			</if>
		</trim>
	</insert>
	<select id="countByExample" parameterType="com.dyz.myBatis.model.AccountExample"
		resultType="java.lang.Integer">
		<!-- WARNING - @mbggenerated This element is automatically generated by 
			MyBatis Generator, do not modify. -->
		select count(*) from account
		<if test="_parameter != null">
			<include refid="Example_Where_Clause" />
		</if>
	</select>
	<update id="updateByExampleSelective" parameterType="map">
		<!-- WARNING - @mbggenerated This element is automatically generated by 
			MyBatis Generator, do not modify. -->
		update account
		<set>
			<if test="record.id != null">
				id = #{record.id,jdbcType=INTEGER},
			</if>
			<if test="record.uuid != null">
				Uuid = #{record.uuid,jdbcType=INTEGER},
			</if>
			<if test="record.openid != null">
				openid = #{record.openid,jdbcType=VARCHAR},
			</if>
			<if test="record.nickname != null">
				nickName = #{record.nickname,jdbcType=VARCHAR},
			</if>
			<if test="record.headicon != null">
				headIcon = #{record.headicon,jdbcType=VARCHAR},
			</if>
			<if test="record.roomcard != null">
				roomCard = #{record.roomcard,jdbcType=INTEGER},
			</if>
			<if test="record.unionid != null">
				unionid = #{record.unionid,jdbcType=VARCHAR},
			</if>
			<if test="record.province != null">
				province = #{record.province,jdbcType=VARCHAR},
			</if>
			<if test="record.city != null">
				city = #{record.city,jdbcType=VARCHAR},
			</if>
			<if test="record.sex != null">
				sex = #{record.sex,jdbcType=INTEGER},
			</if>
			<if test="record.prizecount != null">
				prizecount = #{record.prizecount,jdbcType=INTEGER},
			</if>
			<if test="record.managerUpId != null">
				manager_up_id = #{record.managerUpId,jdbcType=INTEGER},
			</if>
			<if test="record.actualcard != null">
				actualCard = #{record.actualcard,jdbcType=INTEGER},
			</if>
			<if test="record.totalcard != null">
				totalCard = #{record.totalcard,jdbcType=INTEGER},
			</if>
			<if test="record.createtime != null">
				createTime = #{record.createtime,jdbcType=TIMESTAMP},
			</if>
			<if test="record.lastlogintime != null">
				lastLoginTime =
				#{record.lastlogintime,jdbcType=TIMESTAMP},
			</if>
			<if test="record.status != null">
				status = #{record.status,jdbcType=CHAR},
			</if>
			<if test="record.isGame != null">
				isGame = #{record.isGame,jdbcType=CHAR},
			</if>
		</set>
		<if test="_parameter != null">
			<include refid="Update_By_Example_Where_Clause" />
		</if>
	</update>
	<update id="updateByExample" parameterType="map">
		<!-- WARNING - @mbggenerated This element is automatically generated by 
			MyBatis Generator, do not modify. -->
		update account
		set id = #{record.id,jdbcType=INTEGER},
		Uuid =
		#{record.uuid,jdbcType=INTEGER},
		openid =
		#{record.openid,jdbcType=VARCHAR},
		nickName =
		#{record.nickname,jdbcType=VARCHAR},
		headIcon =
		#{record.headicon,jdbcType=VARCHAR},
		roomCard =
		#{record.roomcard,jdbcType=INTEGER},
		unionid =
		#{record.unionid,jdbcType=VARCHAR},
		province =
		#{record.province,jdbcType=VARCHAR},
		city =
		#{record.city,jdbcType=VARCHAR},
		sex = #{record.sex,jdbcType=INTEGER},
		prizecount = #{record.prizecount,jdbcType=INTEGER},
		manager_up_id =
		#{record.managerUpId,jdbcType=INTEGER},
		actualCard =
		#{record.actualcard,jdbcType=INTEGER},
		totalCard =
		#{record.totalcard,jdbcType=INTEGER},
		createTime =
		#{record.createtime,jdbcType=TIMESTAMP},
		lastLoginTime =
		#{record.lastlogintime,jdbcType=TIMESTAMP},
		status =
		#{record.status,jdbcType=CHAR},
		isGame = #{record.isGame,jdbcType=CHAR}
		<if test="_parameter != null">
			<include refid="Update_By_Example_Where_Clause" />
		</if>
	</update>
	<update id="updateByPrimaryKeySelective" parameterType="com.dyz.myBatis.model.Account">
		<!-- WARNING - @mbggenerated This element is automatically generated by 
			MyBatis Generator, do not modify. -->
		update account
		<set>
			<if test="uuid != null">
				Uuid = #{uuid,jdbcType=INTEGER},
			</if>
			<if test="openid != null">
				openid = #{openid,jdbcType=VARCHAR},
			</if>
			<if test="nickname != null">
				nickName = #{nickname,jdbcType=VARCHAR},
			</if>
			<if test="headicon != null">
				headIcon = #{headicon,jdbcType=VARCHAR},
			</if>
			<if test="roomcard != null">
				roomCard = #{roomcard,jdbcType=INTEGER},
			</if>
			<if test="unionid != null">
				unionid = #{unionid,jdbcType=VARCHAR},
			</if>
			<if test="province != null">
				province = #{province,jdbcType=VARCHAR},
			</if>
			<if test="city != null">
				city = #{city,jdbcType=VARCHAR},
			</if>
			<if test="sex != null">
				sex = #{sex,jdbcType=INTEGER},
			</if>
			<if test="prizecount != null">
				prizecount = #{prizecount,jdbcType=INTEGER},
			</if>
			<if test="managerUpId != null">
				manager_up_id = #{managerUpId,jdbcType=INTEGER},
			</if>
			<if test="actualcard != null">
				actualCard = #{actualcard,jdbcType=INTEGER},
			</if>
			<if test="totalcard != null">
				totalCard = #{totalcard,jdbcType=INTEGER},
			</if>
			<if test="createtime != null">
				createTime = #{createtime,jdbcType=TIMESTAMP},
			</if>
			<if test="lastlogintime != null">
				lastLoginTime = #{lastlogintime,jdbcType=TIMESTAMP},
			</if>
			<if test="status != null">
				status = #{status,jdbcType=CHAR},
			</if>
			<if test="isGame != null">
				isGame = #{isGame,jdbcType=CHAR},
			</if>
		</set>
		where id = #{id,jdbcType=INTEGER}
	</update>
	<update id="updateByPrimaryKey" parameterType="com.dyz.myBatis.model.Account">
		<!-- WARNING - @mbggenerated This element is automatically generated by 
			MyBatis Generator, do not modify. -->
		update account
		set Uuid = #{uuid,jdbcType=INTEGER},
		openid =
		#{openid,jdbcType=VARCHAR},
		nickName = #{nickname,jdbcType=VARCHAR},
		headIcon = #{headicon,jdbcType=VARCHAR},
		roomCard =
		#{roomcard,jdbcType=INTEGER},
		unionid = #{unionid,jdbcType=VARCHAR},
		province = #{province,jdbcType=VARCHAR},
		city =
		#{city,jdbcType=VARCHAR},
		sex = #{sex,jdbcType=INTEGER},
		prizecount =
		#{prizecount,jdbcType=INTEGER},
		manager_up_id =
		#{managerUpId,jdbcType=INTEGER},
		actualCard =
		#{actualcard,jdbcType=INTEGER},
		totalCard =
		#{totalcard,jdbcType=INTEGER},
		createTime =
		#{createtime,jdbcType=TIMESTAMP},
		lastLoginTime =
		#{lastlogintime,jdbcType=TIMESTAMP},
		status = #{status,jdbcType=CHAR},
		isGame = #{isGame,jdbcType=CHAR}
		where id = #{id,jdbcType=INTEGER}
	</update>
	<!-- 获取最大的id -->
	<select id="selectMaxId" resultType="INTEGER">
		select
		COALESCE(MAX(id),0)
		from account
	</select>
</mapper>