<?xml version="1.0" encoding="UTF-8" ?>
<!DOCTYPE mapper PUBLIC "-//mybatis.org//DTD Mapper 3.0//EN" "http://mybatis.org/dtd/mybatis-3-mapper.dtd" >
<mapper namespace="com.dyz.myBatis.dao.ContactWayMapper">
	<resultMap id="BaseResultMap" type="com.dyz.myBatis.model.ContactWay">
		<id column="id" property="id" jdbcType="INTEGER" />
		<result column="content" property="content" jdbcType="VARCHAR" />
	</resultMap>
	<sql id="Base_Column_List">
		id, content
	</sql>
	<select id="selectByPrimaryKey" resultMap="BaseResultMap"
		parameterType="java.lang.Integer">
		select
		<include refid="Base_Column_List" />
		from contactway
		where id = #{id,jdbcType=INTEGER}
	</select>
	<delete id="deleteByPrimaryKey" parameterType="java.lang.Integer">
		delete from
		contactway
		where id = #{id,jdbcType=INTEGER}
	</delete>
	<insert id="insert" parameterType="com.dyz.myBatis.model.ContactWay">
		insert into contactway (id,
		content)
		values (#{id,jdbcType=INTEGER}, #{content,jdbcType=VARCHAR})
	</insert>
	<insert id="insertSelective" parameterType="com.dyz.myBatis.model.ContactWay">
		insert into contactway
		<trim prefix="(" suffix=")" suffixOverrides=",">
			<if test="id != null">
				id,
			</if>
			<if test="content != null">
				content,
			</if>
		</trim>
		<trim prefix="values (" suffix=")" suffixOverrides=",">
			<if test="id != null">
				#{id,jdbcType=INTEGER},
			</if>
			<if test="content != null">
				#{content,jdbcType=VARCHAR},
			</if>
		</trim>
	</insert>
	<update id="updateByPrimaryKeySelective" parameterType="com.dyz.myBatis.model.ContactWay">
		update contactway
		<set>
			<if test="content != null">
				content = #{content,jdbcType=VARCHAR},
			</if>
		</set>
		where id = #{id,jdbcType=INTEGER}
	</update>
	<update id="updateByPrimaryKey" parameterType="com.dyz.myBatis.model.ContactWay">
		update contactway
		set content = #{content,jdbcType=VARCHAR}
		where id =
		#{id,jdbcType=INTEGER}
	</update>
</mapper>