<?xml version="1.0" encoding="UTF-8" ?>
<!DOCTYPE mapper PUBLIC "-//mybatis.org//DTD Mapper 3.0//EN" "http://mybatis.org/dtd/mybatis-3-mapper.dtd" >
<mapper namespace="com.dyz.myBatis.dao.GameMapper">
	<resultMap id="BaseResultMap" type="com.dyz.myBatis.model.Game">
		<id column="id" property="id" jdbcType="INTEGER" />
		<result column="createTime" property="createtime" jdbcType="TIMESTAMP" />
		<result column="endtTime" property="endttime" jdbcType="TIMESTAMP" />
		<result column="room_id" property="roomId" jdbcType="INTEGER" />
		<result column="status" property="status" jdbcType="CHAR" />
	</resultMap>
	<sql id="Base_Column_List">
		id, createTime, endtTime, room_id, status
	</sql>
	<select id="selectByPrimaryKey" resultMap="BaseResultMap"
		parameterType="java.lang.Integer">
		select
		<include refid="Base_Column_List" />
		from game
		where id = #{id,jdbcType=INTEGER}
	</select>
	<delete id="deleteByPrimaryKey" parameterType="java.lang.Integer">
		delete from game
		where id = #{id,jdbcType=INTEGER}
	</delete>
	<insert id="insert" parameterType="com.dyz.myBatis.model.Game">
		insert into game (id,
		createTime, endtTime,
		room_id, status)
		values (#{id,jdbcType=INTEGER},
		#{createtime,jdbcType=TIMESTAMP},
		#{endttime,jdbcType=TIMESTAMP},
		#{roomId,jdbcType=INTEGER}, #{status,jdbcType=CHAR})
	</insert>
	<insert id="insertSelective" parameterType="com.dyz.myBatis.model.Game">
		insert into game
		<trim prefix="(" suffix=")" suffixOverrides=",">
			<if test="id != null">
				id,
			</if>
			<if test="createtime != null">
				createTime,
			</if>
			<if test="endttime != null">
				endtTime,
			</if>
			<if test="roomId != null">
				room_id,
			</if>
			<if test="status != null">
				status,
			</if>
		</trim>
		<trim prefix="values (" suffix=")" suffixOverrides=",">
			<if test="id != null">
				#{id,jdbcType=INTEGER},
			</if>
			<if test="createtime != null">
				#{createtime,jdbcType=TIMESTAMP},
			</if>
			<if test="endttime != null">
				#{endttime,jdbcType=TIMESTAMP},
			</if>
			<if test="roomId != null">
				#{roomId,jdbcType=INTEGER},
			</if>
			<if test="status != null">
				#{status,jdbcType=CHAR},
			</if>
		</trim>
	</insert>
	<update id="updateByPrimaryKeySelective" parameterType="com.dyz.myBatis.model.Game">
		update game
		<set>
			<if test="createtime != null">
				createTime = #{createtime,jdbcType=TIMESTAMP},
			</if>
			<if test="endttime != null">
				endtTime = #{endttime,jdbcType=TIMESTAMP},
			</if>
			<if test="roomId != null">
				room_id = #{roomId,jdbcType=INTEGER},
			</if>
			<if test="status != null">
				status = #{status,jdbcType=CHAR},
			</if>
		</set>
		where id = #{id,jdbcType=INTEGER}
	</update>
	<update id="updateByPrimaryKey" parameterType="com.dyz.myBatis.model.Game">
		update game
		set
		createTime = #{createtime,jdbcType=TIMESTAMP},
		endtTime =
		#{endttime,jdbcType=TIMESTAMP},
		room_id = #{roomId,jdbcType=INTEGER},
		status = #{status,jdbcType=CHAR}
		where id = #{id,jdbcType=INTEGER}
	</update>
</mapper>