<?xml version="1.0" encoding="UTF-8" ?>
<!DOCTYPE mapper PUBLIC "-//mybatis.org//DTD Mapper 3.0//EN" "http://mybatis.org/dtd/mybatis-3-mapper.dtd" >
<mapper namespace="com.dyz.myBatis.dao.NoticeTableMapper">
	<resultMap id="BaseResultMap" type="com.dyz.myBatis.model.NoticeTable">
		<id column="id" property="id" jdbcType="INTEGER" />
		<result column="content" property="content" jdbcType="VARCHAR" />
		<result column="type" property="type" jdbcType="INTEGER" />
	</resultMap>
	<sql id="Base_Column_List">
		id, content, type
	</sql>
	<select id="selectRecentlyObject" resultMap="BaseResultMap">
		select
		<include refid="Base_Column_List" />
		from noticetable
		order by id DESC limit 0,1
	</select>

	<select id="selectByPrimaryKey" resultMap="BaseResultMap"
		parameterType="java.lang.Integer">
		select
		<include refid="Base_Column_List" />
		from noticetable
		where id = #{id,jdbcType=INTEGER}
	</select>
	<delete id="deleteByPrimaryKey" parameterType="java.lang.Integer">
		delete from
		noticetable
		where id = #{id,jdbcType=INTEGER}
	</delete>
	<insert id="insert" parameterType="com.dyz.myBatis.model.NoticeTable">
		insert into noticetable (id,
		content, type
		)
		values (#{id,jdbcType=INTEGER},
		#{content,jdbcType=VARCHAR},
		#{type,jdbcType=INTEGER}
		)
	</insert>
	<insert id="insertSelective" parameterType="com.dyz.myBatis.model.NoticeTable">
		insert into noticetable
		<trim prefix="(" suffix=")" suffixOverrides=",">
			<if test="id != null">
				id,
			</if>
			<if test="content != null">
				content,
			</if>
			<if test="type != null">
				type,
			</if>
		</trim>
		<trim prefix="values (" suffix=")" suffixOverrides=",">
			<if test="id != null">
				#{id,jdbcType=INTEGER},
			</if>
			<if test="content != null">
				#{content,jdbcType=VARCHAR},
			</if>
			<if test="type != null">
				#{type,jdbcType=INTEGER},
			</if>
		</trim>
	</insert>
	<update id="updateByPrimaryKeySelective" parameterType="com.dyz.myBatis.model.NoticeTable">
		update noticetable
		<set>
			<if test="content != null">
				content = #{content,jdbcType=VARCHAR},
			</if>
			<if test="type != null">
				type = #{type,jdbcType=INTEGER},
			</if>
		</set>
		where id = #{id,jdbcType=INTEGER}
	</update>
	<update id="updateByPrimaryKey" parameterType="com.dyz.myBatis.model.NoticeTable">
		update noticetable
		set content = #{content,jdbcType=VARCHAR},
		type =
		#{type,jdbcType=INTEGER}
		where id = #{id,jdbcType=INTEGER}
	</update>
</mapper>