<?xml version="1.0" encoding="UTF-8" ?>
<!DOCTYPE mapper PUBLIC "-//mybatis.org//DTD Mapper 3.0//EN" "http://mybatis.org/dtd/mybatis-3-mapper.dtd" >
<mapper namespace="com.dyz.myBatis.dao.PrizeRuleMapper">
	<resultMap id="BaseResultMap" type="com.dyz.myBatis.model.PrizeRule">
		<id column="id" property="id" jdbcType="INTEGER" />
		<result column="content" property="content" jdbcType="VARCHAR" />
		<result column="precount" property="precount" jdbcType="INTEGER" />
		<result column="status" property="status" jdbcType="CHAR" />
	</resultMap>
	<sql id="Base_Column_List">
		id, content, precount, status
	</sql>
	<select id="selectByPrimaryKey" resultMap="BaseResultMap"
		parameterType="java.lang.Integer">
		select
		<include refid="Base_Column_List" />
		from prizerule
		where id = #{id,jdbcType=INTEGER}
	</select>
	<delete id="deleteByPrimaryKey" parameterType="java.lang.Integer">
		delete from
		prizerule
		where id = #{id,jdbcType=INTEGER}
	</delete>
	<insert id="insert" parameterType="com.dyz.myBatis.model.PrizeRule">
		insert into prizerule (id,
		content, precount, status
		)
		values (#{id,jdbcType=INTEGER},
		#{content,jdbcType=VARCHAR},
		#{precount,jdbcType=INTEGER},
		#{status,jdbcType=CHAR}
		)
	</insert>
	<insert id="insertSelective" parameterType="com.dyz.myBatis.model.PrizeRule">
		insert into prizerule
		<trim prefix="(" suffix=")" suffixOverrides=",">
			<if test="id != null">
				id,
			</if>
			<if test="content != null">
				content,
			</if>
			<if test="precount != null">
				precount,
			</if>
			<if test="status != null">
				status,
			</if>
		</trim>
		<trim prefix="values (" suffix=")" suffixOverrides=",">
			<if test="id != null">
				#{id,jdbcType=INTEGER},
			</if>
			<if test="content != null">
				#{content,jdbcType=VARCHAR},
			</if>
			<if test="precount != null">
				#{precount,jdbcType=INTEGER},
			</if>
			<if test="status != null">
				#{status,jdbcType=CHAR},
			</if>
		</trim>
	</insert>
	<update id="updateByPrimaryKeySelective" parameterType="com.dyz.myBatis.model.PrizeRule">
		update prizerule
		<set>
			<if test="content != null">
				content = #{content,jdbcType=VARCHAR},
			</if>
			<if test="precount != null">
				precount = #{precount,jdbcType=INTEGER},
			</if>
			<if test="status != null">
				status = #{status,jdbcType=CHAR},
			</if>
		</set>
		where id = #{id,jdbcType=INTEGER}
	</update>
	<update id="updateByPrimaryKey" parameterType="com.dyz.myBatis.model.PrizeRule">
		update prizerule
		set content = #{content,jdbcType=VARCHAR},
		precount =
		#{precount,jdbcType=INTEGER},
		status = #{status,jdbcType=CHAR}
		where id
		= #{id,jdbcType=INTEGER}
	</update>
</mapper>