<?xml version="1.0" encoding="UTF-8" ?>
<!DOCTYPE mapper PUBLIC "-//mybatis.org//DTD Mapper 3.0//EN" "http://mybatis.org/dtd/mybatis-3-mapper.dtd" >
<mapper namespace="com.dyz.myBatis.dao.PrizeMapper">
	<resultMap id="BaseResultMap" type="com.dyz.myBatis.model.Prize">
		<id column="id" property="id" jdbcType="INTEGER" />
		<result column="index_id" property="indexId" jdbcType="INTEGER" />
		<result column="prize_name" property="prizeName" jdbcType="VARCHAR" />
		<result column="image_url" property="imageUrl" jdbcType="VARCHAR" />
		<result column="probability" property="probability" jdbcType="INTEGER" />
		<result column="status" property="status" jdbcType="CHAR" />
		<result column="type" property="type" jdbcType="VARCHAR" />
		<result column="prizecount" property="prizecount" jdbcType="INTEGER" />
	</resultMap>
	<sql id="Base_Column_List">
		id, index_id, prize_name, image_url, probability, status,
		type,
		prizecount
	</sql>
	<!-- 获取所有正常的奖品信息 -->
	<select id="selectAllPrizes" resultMap="BaseResultMap">
		select
		<include refid="Base_Column_List" />
		from prize
		where status = "0"
	</select>

	<select id="selectByPrimaryKey" resultMap="BaseResultMap"
		parameterType="java.lang.Integer">
		select
		<include refid="Base_Column_List" />
		from prize
		where id = #{id,jdbcType=INTEGER} and status = "0"
	</select>
	<delete id="deleteByPrimaryKey" parameterType="java.lang.Integer">
		delete from prize
		where id = #{id,jdbcType=INTEGER}
	</delete>
	<insert id="insert" parameterType="com.dyz.myBatis.model.Prize">
		insert into prize (id,
		index_id, prize_name,
		image_url, probability, status, type, prizecount
		)
		values (#{id,jdbcType=INTEGER}, #{indexId,jdbcType=INTEGER},
		#{prizeName,jdbcType=VARCHAR},
		#{imageUrl,jdbcType=VARCHAR},
		#{probability,jdbcType=INTEGER}, #{status,jdbcType=CHAR},
		#{type,jdbcType=VARCHAR}, #{prizecount,jdbcType=INTEGER}}
		)
	</insert>
	<insert id="insertSelective" parameterType="com.dyz.myBatis.model.Prize">
		insert into prize
		<trim prefix="(" suffix=")" suffixOverrides=",">
			<if test="id != null">
				id,
			</if>
			<if test="indexId != null">
				index_id,
			</if>
			<if test="prizeName != null">
				prize_name,
			</if>
			<if test="imageUrl != null">
				image_url,
			</if>
			<if test="probability != null">
				probability,
			</if>
			<if test="status != null">
				status,
			</if>
			<if test="type != null">
				type,
			</if>
			<if test="prizecount != null">
				prizecount,
			</if>
		</trim>
		<trim prefix="values (" suffix=")" suffixOverrides=",">
			<if test="id != null">
				#{id,jdbcType=INTEGER},
			</if>
			<if test="indexId != null">
				#{indexId,jdbcType=INTEGER},
			</if>
			<if test="prizeName != null">
				#{prizeName,jdbcType=VARCHAR},
			</if>
			<if test="imageUrl != null">
				#{imageUrl,jdbcType=VARCHAR},
			</if>
			<if test="probability != null">
				#{probability,jdbcType=INTEGER},
			</if>
			<if test="status != null">
				#{status,jdbcType=CHAR},
			</if>
			<if test="type != null">
				#{type,jdbcType=VARCHAR},
			</if>
			<if test="prizecount != null">
				#{prizecount,jdbcType= INTEGER},
			</if>
		</trim>
	</insert>
	<update id="updateByPrimaryKeySelective" parameterType="com.dyz.myBatis.model.Prize">
		update prize
		<set>
			<if test="indexId != null">
				index_id = #{indexId,jdbcType=INTEGER},
			</if>
			<if test="prizeName != null">
				prize_name = #{prizeName,jdbcType=VARCHAR},
			</if>
			<if test="imageUrl != null">
				image_url = #{imageUrl,jdbcType=VARCHAR},
			</if>
			<if test="probability != null">
				probability = #{probability,jdbcType=INTEGER},
			</if>
			<if test="status != null">
				status = #{status,jdbcType=CHAR},
			</if>
			<if test="type != null">
				type = #{type,jdbcType=VARCHAR},
			</if>
			<if test="prizecount != null">
				prizecount = #{prizecount,jdbcType=INTEGER},
			</if>
		</set>
		where id = #{id,jdbcType=INTEGER}
	</update>
	<update id="updateByPrimaryKey" parameterType="com.dyz.myBatis.model.Prize">
		update prize
		set
		index_id = #{indexId,jdbcType=INTEGER},
		prize_name =
		#{prizeName,jdbcType=VARCHAR},
		image_url =
		#{imageUrl,jdbcType=VARCHAR},
		probability =
		#{probability,jdbcType=INTEGER},
		status = #{status,jdbcType=CHAR},
		type
		= #{type,jdbcType=VARCHAR},
		prizecount = #{prizecount,jdbcType=INTEGER}
		where id = #{id,jdbcType=INTEGER}
	</update>
</mapper>