<?xml version="1.0" encoding="UTF-8" ?>
<!DOCTYPE mapper PUBLIC "-//mybatis.org//DTD Mapper 3.0//EN" "http://mybatis.org/dtd/mybatis-3-mapper.dtd" >
<mapper namespace="com.dyz.myBatis.dao.RoomInfoMapper">
	<resultMap id="BaseResultMap" type="com.dyz.myBatis.model.RoomInfo">
		<id column="id" property="id" jdbcType="INTEGER" />
		<result column="gameType" property="gametype" jdbcType="CHAR" />
		<result column="isHong" property="ishong" jdbcType="CHAR" />
		<result column="roomid" property="roomid" jdbcType="INTEGER" />
		<result column="sevenDouble" property="sevendouble" jdbcType="CHAR" />
		<result column="ma" property="ma" jdbcType="INTEGER" />
		<result column="zimo" property="zimo" jdbcType="CHAR" />
		<result column="xiayu" property="xiayu" jdbcType="INTEGER" />
		<result column="addWordCard" property="addwordcard" jdbcType="CHAR" />
		<result column="name" property="name" jdbcType="VARCHAR" />
		<result column="createTime" property="createTime" jdbcType="TIMESTAMP" />
		<result column="cardNumb" property="cardNumb" jdbcType="INTEGER" />
	</resultMap>
	<sql id="Base_Column_List">
		id, gameType, isHong, roomid, sevenDouble, ma, zimo, xiayu,
		addWordCard,
		name, createTime, cardNumb
	</sql>
	<select id="selectByPrimaryKey" resultMap="BaseResultMap"
		parameterType="java.lang.Integer">
		select
		<include refid="Base_Column_List" />
		from roominfo
		where id = #{id,jdbcType=INTEGER}
	</select>
	<select id="selectRoomId" resultMap="BaseResultMap"
		parameterType="java.lang.Integer">
		select
		id
		<include refid="Base_Column_List" />
		from roominfo
		where roomid = #{roomid,jdbcType=INTEGER}
	</select>
	<!-- 统计房间总数 -->
	<select id="selectCount" resultType="INTEGER">
		select count(id)
		from
		roominfo
	</select>
	<!-- 统计今天创建房间总数 -->
	<select id="selectTodayCount" resultType="INTEGER"
		parameterType="DATE">
		select count(id)
		from roominfo where createTime &gt;
		#{createTime,jdbcType=TIMESTAMP}
	</select>
	<delete id="deleteByPrimaryKey" parameterType="java.lang.Integer">
		delete from
		roominfo
		where id = #{id,jdbcType=INTEGER}
	</delete>
	<insert id="insert" parameterType="com.dyz.myBatis.model.RoomInfo"
		keyProperty="id" useGeneratedKeys="true">
		insert into roominfo (id, gameType,
		isHong,
		roomid, sevenDouble, ma,
		zimo, xiayu, addWordCard,
		name,
		createTime, cardNumb)
		values (#{id,jdbcType=INTEGER},
		#{gametype,jdbcType=CHAR},
		#{ishong,jdbcType=CHAR},
		#{roomid,jdbcType=INTEGER}, #{sevendouble,jdbcType=CHAR},
		#{ma,jdbcType=INTEGER},
		#{zimo,jdbcType=CHAR},
		#{xiayu,jdbcType=INTEGER},
		#{addwordcard,jdbcType=CHAR},
		#{name,jdbcType=VARCHAR}, #{createTime,jdbcType=TIMESTAMP},
		#{cardNumb,jdbcType=INTEGER})
	</insert>
	<insert id="insertSelective" parameterType="com.dyz.myBatis.model.RoomInfo"
		keyProperty="id" useGeneratedKeys="true">
		insert into roominfo
		<trim prefix="(" suffix=")" suffixOverrides=",">
			<if test="id != null">
				id,
			</if>
			<if test="gametype != null">
				gameType,
			</if>
			<if test="ishong != null">
				isHong,
			</if>
			<if test="roomid != null">
				roomid,
			</if>
			<if test="sevendouble != null">
				sevenDouble,
			</if>
			<if test="ma != null">
				ma,
			</if>
			<if test="zimo != null">
				zimo,
			</if>
			<if test="xiayu != null">
				xiayu,
			</if>
			<if test="addwordcard != null">
				addWordCard,
			</if>
			<if test="name != null">
				name,
			</if>
			<if test="createTime != null">
				createTime,
			</if>
			<if test="cardNumb != null">
				cardNumb,
			</if>
		</trim>
		<trim prefix="values (" suffix=")" suffixOverrides=",">
			<if test="id != null">
				#{id,jdbcType=INTEGER},
			</if>
			<if test="gametype != null">
				#{gametype,jdbcType=CHAR},
			</if>
			<if test="ishong != null">
				#{ishong,jdbcType=CHAR},
			</if>
			<if test="roomid != null">
				#{roomid,jdbcType=INTEGER},
			</if>
			<if test="sevendouble != null">
				#{sevendouble,jdbcType=CHAR},
			</if>
			<if test="ma != null">
				#{ma,jdbcType=INTEGER},
			</if>
			<if test="zimo != null">
				#{zimo,jdbcType=CHAR},
			</if>
			<if test="xiayu != null">
				#{xiayu,jdbcType=INTEGER},
			</if>
			<if test="addwordcard != null">
				#{addwordcard,jdbcType=CHAR},
			</if>
			<if test="name != null">
				#{name,jdbcType=VARCHAR},
			</if>
			<if test="createTime != null">
				#{createTime,jdbcType=TIMESTAMP},
			</if>
			<if test="cardNumb != null">
				#{cardNumb,jdbcType=INTEGER},
			</if>
		</trim>
	</insert>
	<update id="updateByPrimaryKeySelective" parameterType="com.dyz.myBatis.model.RoomInfo">
		update roominfo
		<set>
			<if test="gametype != null">
				gameType = #{gametype,jdbcType=CHAR},
			</if>
			<if test="ishong != null">
				isHong = #{ishong,jdbcType=CHAR},
			</if>
			<if test="roomid != null">
				roomid = #{roomid,jdbcType=INTEGER},
			</if>
			<if test="sevendouble != null">
				sevenDouble = #{sevendouble,jdbcType=CHAR},
			</if>
			<if test="ma != null">
				ma = #{ma,jdbcType=INTEGER},
			</if>
			<if test="zimo != null">
				zimo = #{zimo,jdbcType=CHAR},
			</if>
			<if test="xiayu != null">
				xiayu = #{xiayu,jdbcType=INTEGER},
			</if>
			<if test="addwordcard != null">
				addWordCard = #{addwordcard,jdbcType=CHAR},
			</if>
			<if test="name != null">
				name = #{name,jdbcType=VARCHAR},
			</if>
			<if test="createTime != null">
				createTime = #{createTime,jdbcType=TIMESTAMP},
			</if>
			<if test="cardNumb != null">
				cardNumb = #{cardNumb,jdbcType=INTEGER},
			</if>
		</set>
		where id = #{id,jdbcType=INTEGER}
	</update>
	<update id="updateByPrimaryKey" parameterType="com.dyz.myBatis.model.RoomInfo">
		update roominfo
		set gameType = #{gametype,jdbcType=CHAR},
		isHong =
		#{ishong,jdbcType=CHAR},
		roomid = #{roomid,jdbcType=INTEGER},
		sevenDouble = #{sevendouble,jdbcType=CHAR},
		ma =
		#{ma,jdbcType=INTEGER},
		zimo = #{zimo,jdbcType=CHAR},
		xiayu =
		#{xiayu,jdbcType=INTEGER},
		addWordCard = #{addwordcard,jdbcType=CHAR},
		name = #{name,jdbcType=VARCHAR},
		createTime =
		#{createTime,jdbcType=TIMESTAMP},
		cardNumb =
		#{cardNumb,jdbcType=INTEGER}
		where id = #{id,jdbcType=INTEGER}
	</update>
</mapper>