<?xml version="1.0" encoding="UTF-8" ?>
<!DOCTYPE mapper PUBLIC "-//mybatis.org//DTD Mapper 3.0//EN" "http://mybatis.org/dtd/mybatis-3-mapper.dtd" >
<mapper namespace="com.dyz.myBatis.dao.StandingsAccountRelationMapper">
	<resultMap id="BaseResultMap"
		type="com.dyz.myBatis.model.StandingsAccountRelation">
		<id column="id" property="id" jdbcType="INTEGER" />
		<result column="standings_id" property="standingsId" jdbcType="INTEGER" />
		<result column="account_id" property="accountId" jdbcType="INTEGER" />
	</resultMap>
	<sql id="Base_Column_List">
		id, standings_id, account_id
	</sql>
	<!-- 获取最近10个房间的战绩 -->
	<select id="selectNearestStandingsIdByAccountId" resultType="INTEGER"
		parameterType="java.lang.Integer">
		select
		standings_id
		from standingsaccountrelation
		where
		account_id =#{accountId,jdbcType=INTEGER}
		order by id DESC limit 0,10
	</select>

	<select id="selectByPrimaryKey" resultMap="BaseResultMap"
		parameterType="java.lang.Integer">
		select
		<include refid="Base_Column_List" />
		from standingsaccountrelation
		where id = #{id,jdbcType=INTEGER}
	</select>
	<delete id="deleteByPrimaryKey" parameterType="java.lang.Integer">
		delete from
		standingsaccountrelation
		where id = #{id,jdbcType=INTEGER}
	</delete>
	<insert id="save" parameterType="com.dyz.myBatis.model.StandingsAccountRelation"
		useGeneratedKeys="true" keyProperty="id">
		insert into
		standingsaccountrelation (id, standings_id, account_id
		)
		values
		(#{id,jdbcType=INTEGER}, #{standingsId,jdbcType=INTEGER},
		#{accountId,jdbcType=INTEGER}
		)
	</insert>
	<insert id="saveSelective" parameterType="com.dyz.myBatis.model.StandingsAccountRelation"
		useGeneratedKeys="true" keyProperty="id">
		insert into standingsaccountrelation
		<trim prefix="(" suffix=")" suffixOverrides=",">
			<if test="id != null">
				id,
			</if>
			<if test="standingsId != null">
				standings_id,
			</if>
			<if test="accountId != null">
				account_id,
			</if>
		</trim>
		<trim prefix="values (" suffix=")" suffixOverrides=",">
			<if test="id != null">
				#{id,jdbcType=INTEGER},
			</if>
			<if test="standingsId != null">
				#{standingsId,jdbcType=INTEGER},
			</if>
			<if test="accountId != null">
				#{accountId,jdbcType=INTEGER},
			</if>
		</trim>
	</insert>
	<update id="updateByPrimaryKeySelective" parameterType="com.dyz.myBatis.model.StandingsAccountRelation">
		update standingsaccountrelation
		<set>
			<if test="standingsId != null">
				standings_id = #{standingsId,jdbcType=INTEGER},
			</if>
			<if test="accountId != null">
				account_id = #{accountId,jdbcType=INTEGER},
			</if>
		</set>
		where id = #{id,jdbcType=INTEGER}
	</update>
	<update id="updateByPrimaryKey" parameterType="com.dyz.myBatis.model.StandingsAccountRelation">
		update
		standingsaccountrelation
		set standings_id =
		#{standingsId,jdbcType=INTEGER},
		account_id =
		#{accountId,jdbcType=INTEGER}
		where id = #{id,jdbcType=INTEGER}
	</update>
</mapper>