<?xml version="1.0" encoding="UTF-8" ?>
<!DOCTYPE mapper PUBLIC "-//mybatis.org//DTD Mapper 3.0//EN" "http://mybatis.org/dtd/mybatis-3-mapper.dtd" >
<mapper namespace="com.dyz.myBatis.dao.StandingsDetailMapper">
	<resultMap id="BaseResultMap" type="com.dyz.myBatis.model.StandingsDetail">
		<id column="id" property="id" jdbcType="INTEGER" />
		<result column="content" property="content" jdbcType="VARCHAR" />
		<result column="createTime" property="createtime" jdbcType="TIMESTAMP" />
	</resultMap>
	<sql id="Base_Column_List">
		id, content, createTime
	</sql>
	<select id="selectByPrimaryKey" resultMap="BaseResultMap"
		parameterType="java.lang.Integer">
		select
		<include refid="Base_Column_List" />
		from standingsdetail
		where id = #{id,jdbcType=INTEGER}
	</select>
	<delete id="deleteByPrimaryKey" parameterType="java.lang.Integer">
		delete from
		standingsdetail
		where id = #{id,jdbcType=INTEGER}
	</delete>
	<insert id="save" parameterType="com.dyz.myBatis.model.StandingsDetail"
		useGeneratedKeys="true" keyProperty="id">
		insert into standingsdetail (id,
		content,
		createTime)
		values (#{id,jdbcType=INTEGER},
		#{content,jdbcType=VARCHAR},
		#{createtime,jdbcType=TIMESTAMP})
	</insert>
	<insert id="saveSelective" parameterType="com.dyz.myBatis.model.StandingsDetail"
		useGeneratedKeys="true" keyProperty="id">
		insert into standingsdetail
		<trim prefix="(" suffix=")" suffixOverrides=",">
			<if test="id != null">
				id,
			</if>
			<if test="content != null">
				content,
			</if>
			<if test="createtime != null">
				createTime,
			</if>
		</trim>
		<trim prefix="values (" suffix=")" suffixOverrides=",">
			<if test="id != null">
				#{id,jdbcType=INTEGER},
			</if>
			<if test="content != null">
				#{content,jdbcType=VARCHAR},
			</if>
			<if test="createtime != null">
				#{createtime,jdbcType=TIMESTAMP},
			</if>
		</trim>
	</insert>
	<update id="updateByPrimaryKeySelective" parameterType="com.dyz.myBatis.model.StandingsDetail">
		update standingsdetail
		<set>
			<if test="content != null">
				content = #{content,jdbcType=VARCHAR},
			</if>
			<if test="createtime != null">
				createTime = #{createtime,jdbcType=TIMESTAMP},
			</if>
		</set>
		where id = #{id,jdbcType=INTEGER}
	</update>
	<update id="updateByPrimaryKey" parameterType="com.dyz.myBatis.model.StandingsDetail">
		update
		standingsdetail
		set content = #{content,jdbcType=VARCHAR},
		createTime =
		#{createtime,jdbcType=TIMESTAMP}
		where id = #{id,jdbcType=INTEGER}
	</update>
</mapper>