<?xml version="1.0" encoding="UTF-8"?>
<!DOCTYPE mapper PUBLIC "-//mybatis.org//DTD Mapper 3.0//EN" "http://mybatis.org/dtd/mybatis-3-mapper.dtd">
<mapper namespace="com.dyz.myBatis.dao.UserMapper">
  <resultMap id="BaseResultMap" type="com.dyz.myBatis.model.User">
    <!--
      WARNING - @mbggenerated
      This element is automatically generated by MyBatis Generator, do not modify.
    -->
    <id column="f_id" jdbcType="INTEGER" property="fId" />
    <result column="f_name" jdbcType="VARCHAR" property="fName" />
    <result column="f_phonenumber" jdbcType="VARCHAR" property="fPhonenumber" />
    <result column="f_email" jdbcType="VARCHAR" property="fEmail" />
    <result column="f_passwd" jdbcType="VARCHAR" property="fPasswd" />
    <result column="f_regdate" jdbcType="BIGINT" property="fRegdate" />
  </resultMap>
  <sql id="Example_Where_Clause">
    <!--
      WARNING - @mbggenerated
      This element is automatically generated by MyBatis Generator, do not modify.
    -->
    <where>
      <foreach collection="oredCriteria" item="criteria" separator="or">
        <if test="criteria.valid">
          <trim prefix="(" prefixOverrides="and" suffix=")">
            <foreach collection="criteria.criteria" item="criterion">
              <choose>
                <when test="criterion.noValue">
                  and ${criterion.condition}
                </when>
                <when test="criterion.singleValue">
                  and ${criterion.condition} #{criterion.value}
                </when>
                <when test="criterion.betweenValue">
                  and ${criterion.condition} #{criterion.value} and #{criterion.secondValue}
                </when>
                <when test="criterion.listValue">
                  and ${criterion.condition}
                  <foreach close=")" collection="criterion.value" item="listItem" open="(" separator=",">
                    #{listItem}
                  </foreach>
                </when>
              </choose>
            </foreach>
          </trim>
        </if>
      </foreach>
    </where>
  </sql>
  <sql id="Update_By_Example_Where_Clause">
    <!--
      WARNING - @mbggenerated
      This element is automatically generated by MyBatis Generator, do not modify.
    -->
    <where>
      <foreach collection="example.oredCriteria" item="criteria" separator="or">
        <if test="criteria.valid">
          <trim prefix="(" prefixOverrides="and" suffix=")">
            <foreach collection="criteria.criteria" item="criterion">
              <choose>
                <when test="criterion.noValue">
                  and ${criterion.condition}
                </when>
                <when test="criterion.singleValue">
                  and ${criterion.condition} #{criterion.value}
                </when>
                <when test="criterion.betweenValue">
                  and ${criterion.condition} #{criterion.value} and #{criterion.secondValue}
                </when>
                <when test="criterion.listValue">
                  and ${criterion.condition}
                  <foreach close=")" collection="criterion.value" item="listItem" open="(" separator=",">
                    #{listItem}
                  </foreach>
                </when>
              </choose>
            </foreach>
          </trim>
        </if>
      </foreach>
    </where>
  </sql>
  <sql id="Base_Column_List">
    <!--
      WARNING - @mbggenerated
      This element is automatically generated by MyBatis Generator, do not modify.
    -->
    f_id, f_name, f_phonenumber, f_email, f_passwd, f_regdate
  </sql>
  <select id="selectByExample" parameterType="com.dyz.myBatis.model.UserExample" resultMap="BaseResultMap">
    <!--
      WARNING - @mbggenerated
      This element is automatically generated by MyBatis Generator, do not modify.
    -->
    select
    <if test="distinct">
      distinct
    </if>
    <include refid="Base_Column_List" />
    from user
    <if test="_parameter != null">
      <include refid="Example_Where_Clause" />
    </if>
    <if test="orderByClause != null">
      order by ${orderByClause}
    </if>
  </select>
  <select id="selectByPrimaryKey" parameterType="java.lang.Integer" resultMap="BaseResultMap">
    <!--
      WARNING - @mbggenerated
      This element is automatically generated by MyBatis Generator, do not modify.
    -->
    select 
    <include refid="Base_Column_List" />
    from user
    where f_id = #{fId,jdbcType=INTEGER}
  </select>
  <delete id="deleteByPrimaryKey" parameterType="java.lang.Integer">
    <!--
      WARNING - @mbggenerated
      This element is automatically generated by MyBatis Generator, do not modify.
    -->
    delete from user
    where f_id = #{fId,jdbcType=INTEGER}
  </delete>
  <delete id="deleteByExample" parameterType="com.dyz.myBatis.model.UserExample">
    <!--
      WARNING - @mbggenerated
      This element is automatically generated by MyBatis Generator, do not modify.
    -->
    delete from user
    <if test="_parameter != null">
      <include refid="Example_Where_Clause" />
    </if>
  </delete>
  <insert id="insert" parameterType="com.dyz.myBatis.model.User">
    <!--
      WARNING - @mbggenerated
      This element is automatically generated by MyBatis Generator, do not modify.
    -->
    insert into user (f_id, f_name, f_phonenumber, 
      f_email, f_passwd, f_regdate
      )
    values (#{fId,jdbcType=INTEGER}, #{fName,jdbcType=VARCHAR}, #{fPhonenumber,jdbcType=VARCHAR}, 
      #{fEmail,jdbcType=VARCHAR}, #{fPasswd,jdbcType=VARCHAR}, #{fRegdate,jdbcType=BIGINT}
      )
  </insert>
  <insert id="insertSelective" parameterType="com.dyz.myBatis.model.User">
    <!--
      WARNING - @mbggenerated
      This element is automatically generated by MyBatis Generator, do not modify.
    -->
    insert into user
    <trim prefix="(" suffix=")" suffixOverrides=",">
      <if test="fId != null">
        f_id,
      </if>
      <if test="fName != null">
        f_name,
      </if>
      <if test="fPhonenumber != null">
        f_phonenumber,
      </if>
      <if test="fEmail != null">
        f_email,
      </if>
      <if test="fPasswd != null">
        f_passwd,
      </if>
      <if test="fRegdate != null">
        f_regdate,
      </if>
    </trim>
    <trim prefix="values (" suffix=")" suffixOverrides=",">
      <if test="fId != null">
        #{fId,jdbcType=INTEGER},
      </if>
      <if test="fName != null">
        #{fName,jdbcType=VARCHAR},
      </if>
      <if test="fPhonenumber != null">
        #{fPhonenumber,jdbcType=VARCHAR},
      </if>
      <if test="fEmail != null">
        #{fEmail,jdbcType=VARCHAR},
      </if>
      <if test="fPasswd != null">
        #{fPasswd,jdbcType=VARCHAR},
      </if>
      <if test="fRegdate != null">
        #{fRegdate,jdbcType=BIGINT},
      </if>
    </trim>
  </insert>
  <select id="countByExample" parameterType="com.dyz.myBatis.model.UserExample" resultType="java.lang.Integer">
    <!--
      WARNING - @mbggenerated
      This element is automatically generated by MyBatis Generator, do not modify.
    -->
    select count(*) from user
    <if test="_parameter != null">
      <include refid="Example_Where_Clause" />
    </if>
  </select>
  <update id="updateByExampleSelective" parameterType="map">
    <!--
      WARNING - @mbggenerated
      This element is automatically generated by MyBatis Generator, do not modify.
    -->
    update user
    <set>
      <if test="record.fId != null">
        f_id = #{record.fId,jdbcType=INTEGER},
      </if>
      <if test="record.fName != null">
        f_name = #{record.fName,jdbcType=VARCHAR},
      </if>
      <if test="record.fPhonenumber != null">
        f_phonenumber = #{record.fPhonenumber,jdbcType=VARCHAR},
      </if>
      <if test="record.fEmail != null">
        f_email = #{record.fEmail,jdbcType=VARCHAR},
      </if>
      <if test="record.fPasswd != null">
        f_passwd = #{record.fPasswd,jdbcType=VARCHAR},
      </if>
      <if test="record.fRegdate != null">
        f_regdate = #{record.fRegdate,jdbcType=BIGINT},
      </if>
    </set>
    <if test="_parameter != null">
      <include refid="Update_By_Example_Where_Clause" />
    </if>
  </update>
  <update id="updateByExample" parameterType="map">
    <!--
      WARNING - @mbggenerated
      This element is automatically generated by MyBatis Generator, do not modify.
    -->
    update user
    set f_id = #{record.fId,jdbcType=INTEGER},
      f_name = #{record.fName,jdbcType=VARCHAR},
      f_phonenumber = #{record.fPhonenumber,jdbcType=VARCHAR},
      f_email = #{record.fEmail,jdbcType=VARCHAR},
      f_passwd = #{record.fPasswd,jdbcType=VARCHAR},
      f_regdate = #{record.fRegdate,jdbcType=BIGINT}
    <if test="_parameter != null">
      <include refid="Update_By_Example_Where_Clause" />
    </if>
  </update>
  <update id="updateByPrimaryKeySelective" parameterType="com.dyz.myBatis.model.User">
    <!--
      WARNING - @mbggenerated
      This element is automatically generated by MyBatis Generator, do not modify.
    -->
    update user
    <set>
      <if test="fName != null">
        f_name = #{fName,jdbcType=VARCHAR},
      </if>
      <if test="fPhonenumber != null">
        f_phonenumber = #{fPhonenumber,jdbcType=VARCHAR},
      </if>
      <if test="fEmail != null">
        f_email = #{fEmail,jdbcType=VARCHAR},
      </if>
      <if test="fPasswd != null">
        f_passwd = #{fPasswd,jdbcType=VARCHAR},
      </if>
      <if test="fRegdate != null">
        f_regdate = #{fRegdate,jdbcType=BIGINT},
      </if>
    </set>
    where f_id = #{fId,jdbcType=INTEGER}
  </update>
  <update id="updateByPrimaryKey" parameterType="com.dyz.myBatis.model.User">
    <!--
      WARNING - @mbggenerated
      This element is automatically generated by MyBatis Generator, do not modify.
    -->
    update user
    set f_name = #{fName,jdbcType=VARCHAR},
      f_phonenumber = #{fPhonenumber,jdbcType=VARCHAR},
      f_email = #{fEmail,jdbcType=VARCHAR},
      f_passwd = #{fPasswd,jdbcType=VARCHAR},
      f_regdate = #{fRegdate,jdbcType=BIGINT}
    where f_id = #{fId,jdbcType=INTEGER}
  </update>
</mapper>